file,LARVcov,LARVcov_dry,LARVcov_rain,models,seed
wu20181002_LSM_Fillinger2006_test1_0.xml,LARVcov0,LARVcov_dry0,LARVcov_rain0,base,1
wu20181002_LSM_Fillinger2006_test1_1.xml,LARVcov10,LARVcov_dry0,LARVcov_rain0,base,1
wu20181002_LSM_Fillinger2006_test1_2.xml,LARVcov100,LARVcov_dry0,LARVcov_rain0,base,1
wu20181002_LSM_Fillinger2006_test1_3.xml,LARVcov20,LARVcov_dry0,LARVcov_rain0,base,1
wu20181002_LSM_Fillinger2006_test1_4.xml,LARVcov30,LARVcov_dry0,LARVcov_rain0,base,1
wu20181002_LSM_Fillinger2006_test1_5.xml,LARVcov40,LARVcov_dry0,LARVcov_rain0,base,1
wu20181002_LSM_Fillinger2006_test1_6.xml,LARVcov50,LARVcov_dry0,LARVcov_rain0,base,1
wu20181002_LSM_Fillinger2006_test1_7.xml,LARVcov60,LARVcov_dry0,LARVcov_rain0,base,1
wu20181002_LSM_Fillinger2006_test1_8.xml,LARVcov70,LARVcov_dry0,LARVcov_rain0,base,1
wu20181002_LSM_Fillinger2006_test1_9.xml,LARVcov80,LARVcov_dry0,LARVcov_rain0,base,1
wu20181002_LSM_Fillinger2006_test1_10.xml,LARVcov90,LARVcov_dry0,LARVcov_rain0,base,1
wu20181002_LSM_Fillinger2006_test1_11.xml,LARVcov0,LARVcov_dry10,LARVcov_rain0,base,1
wu20181002_LSM_Fillinger2006_test1_22.xml,LARVcov0,LARVcov_dry100,LARVcov_rain0,base,1
wu20181002_LSM_Fillinger2006_test1_33.xml,LARVcov0,LARVcov_dry20,LARVcov_rain0,base,1
wu20181002_LSM_Fillinger2006_test1_44.xml,LARVcov0,LARVcov_dry30,LARVcov_rain0,base,1
wu20181002_LSM_Fillinger2006_test1_55.xml,LARVcov0,LARVcov_dry40,LARVcov_rain0,base,1
wu20181002_LSM_Fillinger2006_test1_66.xml,LARVcov0,LARVcov_dry50,LARVcov_rain0,base,1
wu20181002_LSM_Fillinger2006_test1_77.xml,LARVcov0,LARVcov_dry60,LARVcov_rain0,base,1
wu20181002_LSM_Fillinger2006_test1_88.xml,LARVcov0,LARVcov_dry70,LARVcov_rain0,base,1
wu20181002_LSM_Fillinger2006_test1_99.xml,LARVcov0,LARVcov_dry80,LARVcov_rain0,base,1
wu20181002_LSM_Fillinger2006_test1_110.xml,LARVcov0,LARVcov_dry90,LARVcov_rain0,base,1
wu20181002_LSM_Fillinger2006_test1_121.xml,LARVcov0,LARVcov_dry0,LARVcov_rain10,base,1
wu20181002_LSM_Fillinger2006_test1_132.xml,LARVcov0,LARVcov_dry10,LARVcov_rain10,base,1
wu20181002_LSM_Fillinger2006_test1_143.xml,LARVcov0,LARVcov_dry100,LARVcov_rain10,base,1
wu20181002_LSM_Fillinger2006_test1_154.xml,LARVcov0,LARVcov_dry20,LARVcov_rain10,base,1
wu20181002_LSM_Fillinger2006_test1_165.xml,LARVcov0,LARVcov_dry30,LARVcov_rain10,base,1
wu20181002_LSM_Fillinger2006_test1_176.xml,LARVcov0,LARVcov_dry40,LARVcov_rain10,base,1
wu20181002_LSM_Fillinger2006_test1_187.xml,LARVcov0,LARVcov_dry50,LARVcov_rain10,base,1
wu20181002_LSM_Fillinger2006_test1_198.xml,LARVcov0,LARVcov_dry60,LARVcov_rain10,base,1
wu20181002_LSM_Fillinger2006_test1_209.xml,LARVcov0,LARVcov_dry70,LARVcov_rain10,base,1
wu20181002_LSM_Fillinger2006_test1_220.xml,LARVcov0,LARVcov_dry80,LARVcov_rain10,base,1
wu20181002_LSM_Fillinger2006_test1_231.xml,LARVcov0,LARVcov_dry90,LARVcov_rain10,base,1
wu20181002_LSM_Fillinger2006_test1_242.xml,LARVcov0,LARVcov_dry0,LARVcov_rain100,base,1
wu20181002_LSM_Fillinger2006_test1_253.xml,LARVcov0,LARVcov_dry10,LARVcov_rain100,base,1
wu20181002_LSM_Fillinger2006_test1_264.xml,LARVcov0,LARVcov_dry100,LARVcov_rain100,base,1
wu20181002_LSM_Fillinger2006_test1_275.xml,LARVcov0,LARVcov_dry20,LARVcov_rain100,base,1
wu20181002_LSM_Fillinger2006_test1_286.xml,LARVcov0,LARVcov_dry30,LARVcov_rain100,base,1
wu20181002_LSM_Fillinger2006_test1_297.xml,LARVcov0,LARVcov_dry40,LARVcov_rain100,base,1
wu20181002_LSM_Fillinger2006_test1_308.xml,LARVcov0,LARVcov_dry50,LARVcov_rain100,base,1
wu20181002_LSM_Fillinger2006_test1_319.xml,LARVcov0,LARVcov_dry60,LARVcov_rain100,base,1
wu20181002_LSM_Fillinger2006_test1_330.xml,LARVcov0,LARVcov_dry70,LARVcov_rain100,base,1
wu20181002_LSM_Fillinger2006_test1_341.xml,LARVcov0,LARVcov_dry80,LARVcov_rain100,base,1
wu20181002_LSM_Fillinger2006_test1_352.xml,LARVcov0,LARVcov_dry90,LARVcov_rain100,base,1
wu20181002_LSM_Fillinger2006_test1_363.xml,LARVcov0,LARVcov_dry0,LARVcov_rain20,base,1
wu20181002_LSM_Fillinger2006_test1_374.xml,LARVcov0,LARVcov_dry10,LARVcov_rain20,base,1
wu20181002_LSM_Fillinger2006_test1_385.xml,LARVcov0,LARVcov_dry100,LARVcov_rain20,base,1
wu20181002_LSM_Fillinger2006_test1_396.xml,LARVcov0,LARVcov_dry20,LARVcov_rain20,base,1
wu20181002_LSM_Fillinger2006_test1_407.xml,LARVcov0,LARVcov_dry30,LARVcov_rain20,base,1
wu20181002_LSM_Fillinger2006_test1_418.xml,LARVcov0,LARVcov_dry40,LARVcov_rain20,base,1
wu20181002_LSM_Fillinger2006_test1_429.xml,LARVcov0,LARVcov_dry50,LARVcov_rain20,base,1
wu20181002_LSM_Fillinger2006_test1_440.xml,LARVcov0,LARVcov_dry60,LARVcov_rain20,base,1
wu20181002_LSM_Fillinger2006_test1_451.xml,LARVcov0,LARVcov_dry70,LARVcov_rain20,base,1
wu20181002_LSM_Fillinger2006_test1_462.xml,LARVcov0,LARVcov_dry80,LARVcov_rain20,base,1
wu20181002_LSM_Fillinger2006_test1_473.xml,LARVcov0,LARVcov_dry90,LARVcov_rain20,base,1
wu20181002_LSM_Fillinger2006_test1_484.xml,LARVcov0,LARVcov_dry0,LARVcov_rain30,base,1
wu20181002_LSM_Fillinger2006_test1_495.xml,LARVcov0,LARVcov_dry10,LARVcov_rain30,base,1
wu20181002_LSM_Fillinger2006_test1_506.xml,LARVcov0,LARVcov_dry100,LARVcov_rain30,base,1
wu20181002_LSM_Fillinger2006_test1_517.xml,LARVcov0,LARVcov_dry20,LARVcov_rain30,base,1
wu20181002_LSM_Fillinger2006_test1_528.xml,LARVcov0,LARVcov_dry30,LARVcov_rain30,base,1
wu20181002_LSM_Fillinger2006_test1_539.xml,LARVcov0,LARVcov_dry40,LARVcov_rain30,base,1
wu20181002_LSM_Fillinger2006_test1_550.xml,LARVcov0,LARVcov_dry50,LARVcov_rain30,base,1
wu20181002_LSM_Fillinger2006_test1_561.xml,LARVcov0,LARVcov_dry60,LARVcov_rain30,base,1
wu20181002_LSM_Fillinger2006_test1_572.xml,LARVcov0,LARVcov_dry70,LARVcov_rain30,base,1
wu20181002_LSM_Fillinger2006_test1_583.xml,LARVcov0,LARVcov_dry80,LARVcov_rain30,base,1
wu20181002_LSM_Fillinger2006_test1_594.xml,LARVcov0,LARVcov_dry90,LARVcov_rain30,base,1
wu20181002_LSM_Fillinger2006_test1_605.xml,LARVcov0,LARVcov_dry0,LARVcov_rain40,base,1
wu20181002_LSM_Fillinger2006_test1_616.xml,LARVcov0,LARVcov_dry10,LARVcov_rain40,base,1
wu20181002_LSM_Fillinger2006_test1_627.xml,LARVcov0,LARVcov_dry100,LARVcov_rain40,base,1
wu20181002_LSM_Fillinger2006_test1_638.xml,LARVcov0,LARVcov_dry20,LARVcov_rain40,base,1
wu20181002_LSM_Fillinger2006_test1_649.xml,LARVcov0,LARVcov_dry30,LARVcov_rain40,base,1
wu20181002_LSM_Fillinger2006_test1_660.xml,LARVcov0,LARVcov_dry40,LARVcov_rain40,base,1
wu20181002_LSM_Fillinger2006_test1_671.xml,LARVcov0,LARVcov_dry50,LARVcov_rain40,base,1
wu20181002_LSM_Fillinger2006_test1_682.xml,LARVcov0,LARVcov_dry60,LARVcov_rain40,base,1
wu20181002_LSM_Fillinger2006_test1_693.xml,LARVcov0,LARVcov_dry70,LARVcov_rain40,base,1
wu20181002_LSM_Fillinger2006_test1_704.xml,LARVcov0,LARVcov_dry80,LARVcov_rain40,base,1
wu20181002_LSM_Fillinger2006_test1_715.xml,LARVcov0,LARVcov_dry90,LARVcov_rain40,base,1
wu20181002_LSM_Fillinger2006_test1_726.xml,LARVcov0,LARVcov_dry0,LARVcov_rain50,base,1
wu20181002_LSM_Fillinger2006_test1_737.xml,LARVcov0,LARVcov_dry10,LARVcov_rain50,base,1
wu20181002_LSM_Fillinger2006_test1_748.xml,LARVcov0,LARVcov_dry100,LARVcov_rain50,base,1
wu20181002_LSM_Fillinger2006_test1_759.xml,LARVcov0,LARVcov_dry20,LARVcov_rain50,base,1
wu20181002_LSM_Fillinger2006_test1_770.xml,LARVcov0,LARVcov_dry30,LARVcov_rain50,base,1
wu20181002_LSM_Fillinger2006_test1_781.xml,LARVcov0,LARVcov_dry40,LARVcov_rain50,base,1
wu20181002_LSM_Fillinger2006_test1_792.xml,LARVcov0,LARVcov_dry50,LARVcov_rain50,base,1
wu20181002_LSM_Fillinger2006_test1_803.xml,LARVcov0,LARVcov_dry60,LARVcov_rain50,base,1
wu20181002_LSM_Fillinger2006_test1_814.xml,LARVcov0,LARVcov_dry70,LARVcov_rain50,base,1
wu20181002_LSM_Fillinger2006_test1_825.xml,LARVcov0,LARVcov_dry80,LARVcov_rain50,base,1
wu20181002_LSM_Fillinger2006_test1_836.xml,LARVcov0,LARVcov_dry90,LARVcov_rain50,base,1
wu20181002_LSM_Fillinger2006_test1_847.xml,LARVcov0,LARVcov_dry0,LARVcov_rain60,base,1
wu20181002_LSM_Fillinger2006_test1_858.xml,LARVcov0,LARVcov_dry10,LARVcov_rain60,base,1
wu20181002_LSM_Fillinger2006_test1_869.xml,LARVcov0,LARVcov_dry100,LARVcov_rain60,base,1
wu20181002_LSM_Fillinger2006_test1_880.xml,LARVcov0,LARVcov_dry20,LARVcov_rain60,base,1
wu20181002_LSM_Fillinger2006_test1_891.xml,LARVcov0,LARVcov_dry30,LARVcov_rain60,base,1
wu20181002_LSM_Fillinger2006_test1_902.xml,LARVcov0,LARVcov_dry40,LARVcov_rain60,base,1
wu20181002_LSM_Fillinger2006_test1_913.xml,LARVcov0,LARVcov_dry50,LARVcov_rain60,base,1
wu20181002_LSM_Fillinger2006_test1_924.xml,LARVcov0,LARVcov_dry60,LARVcov_rain60,base,1
wu20181002_LSM_Fillinger2006_test1_935.xml,LARVcov0,LARVcov_dry70,LARVcov_rain60,base,1
wu20181002_LSM_Fillinger2006_test1_946.xml,LARVcov0,LARVcov_dry80,LARVcov_rain60,base,1
wu20181002_LSM_Fillinger2006_test1_957.xml,LARVcov0,LARVcov_dry90,LARVcov_rain60,base,1
wu20181002_LSM_Fillinger2006_test1_968.xml,LARVcov0,LARVcov_dry0,LARVcov_rain70,base,1
wu20181002_LSM_Fillinger2006_test1_979.xml,LARVcov0,LARVcov_dry10,LARVcov_rain70,base,1
wu20181002_LSM_Fillinger2006_test1_990.xml,LARVcov0,LARVcov_dry100,LARVcov_rain70,base,1
wu20181002_LSM_Fillinger2006_test1_1001.xml,LARVcov0,LARVcov_dry20,LARVcov_rain70,base,1
wu20181002_LSM_Fillinger2006_test1_1012.xml,LARVcov0,LARVcov_dry30,LARVcov_rain70,base,1
wu20181002_LSM_Fillinger2006_test1_1023.xml,LARVcov0,LARVcov_dry40,LARVcov_rain70,base,1
wu20181002_LSM_Fillinger2006_test1_1034.xml,LARVcov0,LARVcov_dry50,LARVcov_rain70,base,1
wu20181002_LSM_Fillinger2006_test1_1045.xml,LARVcov0,LARVcov_dry60,LARVcov_rain70,base,1
wu20181002_LSM_Fillinger2006_test1_1056.xml,LARVcov0,LARVcov_dry70,LARVcov_rain70,base,1
wu20181002_LSM_Fillinger2006_test1_1067.xml,LARVcov0,LARVcov_dry80,LARVcov_rain70,base,1
wu20181002_LSM_Fillinger2006_test1_1078.xml,LARVcov0,LARVcov_dry90,LARVcov_rain70,base,1
wu20181002_LSM_Fillinger2006_test1_1089.xml,LARVcov0,LARVcov_dry0,LARVcov_rain80,base,1
wu20181002_LSM_Fillinger2006_test1_1100.xml,LARVcov0,LARVcov_dry10,LARVcov_rain80,base,1
wu20181002_LSM_Fillinger2006_test1_1111.xml,LARVcov0,LARVcov_dry100,LARVcov_rain80,base,1
wu20181002_LSM_Fillinger2006_test1_1122.xml,LARVcov0,LARVcov_dry20,LARVcov_rain80,base,1
wu20181002_LSM_Fillinger2006_test1_1133.xml,LARVcov0,LARVcov_dry30,LARVcov_rain80,base,1
wu20181002_LSM_Fillinger2006_test1_1144.xml,LARVcov0,LARVcov_dry40,LARVcov_rain80,base,1
wu20181002_LSM_Fillinger2006_test1_1155.xml,LARVcov0,LARVcov_dry50,LARVcov_rain80,base,1
wu20181002_LSM_Fillinger2006_test1_1166.xml,LARVcov0,LARVcov_dry60,LARVcov_rain80,base,1
wu20181002_LSM_Fillinger2006_test1_1177.xml,LARVcov0,LARVcov_dry70,LARVcov_rain80,base,1
wu20181002_LSM_Fillinger2006_test1_1188.xml,LARVcov0,LARVcov_dry80,LARVcov_rain80,base,1
wu20181002_LSM_Fillinger2006_test1_1199.xml,LARVcov0,LARVcov_dry90,LARVcov_rain80,base,1
wu20181002_LSM_Fillinger2006_test1_1210.xml,LARVcov0,LARVcov_dry0,LARVcov_rain90,base,1
wu20181002_LSM_Fillinger2006_test1_1221.xml,LARVcov0,LARVcov_dry10,LARVcov_rain90,base,1
wu20181002_LSM_Fillinger2006_test1_1232.xml,LARVcov0,LARVcov_dry100,LARVcov_rain90,base,1
wu20181002_LSM_Fillinger2006_test1_1243.xml,LARVcov0,LARVcov_dry20,LARVcov_rain90,base,1
wu20181002_LSM_Fillinger2006_test1_1254.xml,LARVcov0,LARVcov_dry30,LARVcov_rain90,base,1
wu20181002_LSM_Fillinger2006_test1_1265.xml,LARVcov0,LARVcov_dry40,LARVcov_rain90,base,1
wu20181002_LSM_Fillinger2006_test1_1276.xml,LARVcov0,LARVcov_dry50,LARVcov_rain90,base,1
wu20181002_LSM_Fillinger2006_test1_1287.xml,LARVcov0,LARVcov_dry60,LARVcov_rain90,base,1
wu20181002_LSM_Fillinger2006_test1_1298.xml,LARVcov0,LARVcov_dry70,LARVcov_rain90,base,1
wu20181002_LSM_Fillinger2006_test1_1309.xml,LARVcov0,LARVcov_dry80,LARVcov_rain90,base,1
wu20181002_LSM_Fillinger2006_test1_1320.xml,LARVcov0,LARVcov_dry90,LARVcov_rain90,base,1
wu20181002_LSM_Fillinger2006_test1_1331.xml,LARVcov0,LARVcov_dry0,LARVcov_rain0,base,2
wu20181002_LSM_Fillinger2006_test1_1332.xml,LARVcov10,LARVcov_dry0,LARVcov_rain0,base,2
wu20181002_LSM_Fillinger2006_test1_1333.xml,LARVcov100,LARVcov_dry0,LARVcov_rain0,base,2
wu20181002_LSM_Fillinger2006_test1_1334.xml,LARVcov20,LARVcov_dry0,LARVcov_rain0,base,2
wu20181002_LSM_Fillinger2006_test1_1335.xml,LARVcov30,LARVcov_dry0,LARVcov_rain0,base,2
wu20181002_LSM_Fillinger2006_test1_1336.xml,LARVcov40,LARVcov_dry0,LARVcov_rain0,base,2
wu20181002_LSM_Fillinger2006_test1_1337.xml,LARVcov50,LARVcov_dry0,LARVcov_rain0,base,2
wu20181002_LSM_Fillinger2006_test1_1338.xml,LARVcov60,LARVcov_dry0,LARVcov_rain0,base,2
wu20181002_LSM_Fillinger2006_test1_1339.xml,LARVcov70,LARVcov_dry0,LARVcov_rain0,base,2
wu20181002_LSM_Fillinger2006_test1_1340.xml,LARVcov80,LARVcov_dry0,LARVcov_rain0,base,2
wu20181002_LSM_Fillinger2006_test1_1341.xml,LARVcov90,LARVcov_dry0,LARVcov_rain0,base,2
wu20181002_LSM_Fillinger2006_test1_1342.xml,LARVcov0,LARVcov_dry10,LARVcov_rain0,base,2
wu20181002_LSM_Fillinger2006_test1_1353.xml,LARVcov0,LARVcov_dry100,LARVcov_rain0,base,2
wu20181002_LSM_Fillinger2006_test1_1364.xml,LARVcov0,LARVcov_dry20,LARVcov_rain0,base,2
wu20181002_LSM_Fillinger2006_test1_1375.xml,LARVcov0,LARVcov_dry30,LARVcov_rain0,base,2
wu20181002_LSM_Fillinger2006_test1_1386.xml,LARVcov0,LARVcov_dry40,LARVcov_rain0,base,2
wu20181002_LSM_Fillinger2006_test1_1397.xml,LARVcov0,LARVcov_dry50,LARVcov_rain0,base,2
wu20181002_LSM_Fillinger2006_test1_1408.xml,LARVcov0,LARVcov_dry60,LARVcov_rain0,base,2
wu20181002_LSM_Fillinger2006_test1_1419.xml,LARVcov0,LARVcov_dry70,LARVcov_rain0,base,2
wu20181002_LSM_Fillinger2006_test1_1430.xml,LARVcov0,LARVcov_dry80,LARVcov_rain0,base,2
wu20181002_LSM_Fillinger2006_test1_1441.xml,LARVcov0,LARVcov_dry90,LARVcov_rain0,base,2
wu20181002_LSM_Fillinger2006_test1_1452.xml,LARVcov0,LARVcov_dry0,LARVcov_rain10,base,2
wu20181002_LSM_Fillinger2006_test1_1463.xml,LARVcov0,LARVcov_dry10,LARVcov_rain10,base,2
wu20181002_LSM_Fillinger2006_test1_1474.xml,LARVcov0,LARVcov_dry100,LARVcov_rain10,base,2
wu20181002_LSM_Fillinger2006_test1_1485.xml,LARVcov0,LARVcov_dry20,LARVcov_rain10,base,2
wu20181002_LSM_Fillinger2006_test1_1496.xml,LARVcov0,LARVcov_dry30,LARVcov_rain10,base,2
wu20181002_LSM_Fillinger2006_test1_1507.xml,LARVcov0,LARVcov_dry40,LARVcov_rain10,base,2
wu20181002_LSM_Fillinger2006_test1_1518.xml,LARVcov0,LARVcov_dry50,LARVcov_rain10,base,2
wu20181002_LSM_Fillinger2006_test1_1529.xml,LARVcov0,LARVcov_dry60,LARVcov_rain10,base,2
wu20181002_LSM_Fillinger2006_test1_1540.xml,LARVcov0,LARVcov_dry70,LARVcov_rain10,base,2
wu20181002_LSM_Fillinger2006_test1_1551.xml,LARVcov0,LARVcov_dry80,LARVcov_rain10,base,2
wu20181002_LSM_Fillinger2006_test1_1562.xml,LARVcov0,LARVcov_dry90,LARVcov_rain10,base,2
wu20181002_LSM_Fillinger2006_test1_1573.xml,LARVcov0,LARVcov_dry0,LARVcov_rain100,base,2
wu20181002_LSM_Fillinger2006_test1_1584.xml,LARVcov0,LARVcov_dry10,LARVcov_rain100,base,2
wu20181002_LSM_Fillinger2006_test1_1595.xml,LARVcov0,LARVcov_dry100,LARVcov_rain100,base,2
wu20181002_LSM_Fillinger2006_test1_1606.xml,LARVcov0,LARVcov_dry20,LARVcov_rain100,base,2
wu20181002_LSM_Fillinger2006_test1_1617.xml,LARVcov0,LARVcov_dry30,LARVcov_rain100,base,2
wu20181002_LSM_Fillinger2006_test1_1628.xml,LARVcov0,LARVcov_dry40,LARVcov_rain100,base,2
wu20181002_LSM_Fillinger2006_test1_1639.xml,LARVcov0,LARVcov_dry50,LARVcov_rain100,base,2
wu20181002_LSM_Fillinger2006_test1_1650.xml,LARVcov0,LARVcov_dry60,LARVcov_rain100,base,2
wu20181002_LSM_Fillinger2006_test1_1661.xml,LARVcov0,LARVcov_dry70,LARVcov_rain100,base,2
wu20181002_LSM_Fillinger2006_test1_1672.xml,LARVcov0,LARVcov_dry80,LARVcov_rain100,base,2
wu20181002_LSM_Fillinger2006_test1_1683.xml,LARVcov0,LARVcov_dry90,LARVcov_rain100,base,2
wu20181002_LSM_Fillinger2006_test1_1694.xml,LARVcov0,LARVcov_dry0,LARVcov_rain20,base,2
wu20181002_LSM_Fillinger2006_test1_1705.xml,LARVcov0,LARVcov_dry10,LARVcov_rain20,base,2
wu20181002_LSM_Fillinger2006_test1_1716.xml,LARVcov0,LARVcov_dry100,LARVcov_rain20,base,2
wu20181002_LSM_Fillinger2006_test1_1727.xml,LARVcov0,LARVcov_dry20,LARVcov_rain20,base,2
wu20181002_LSM_Fillinger2006_test1_1738.xml,LARVcov0,LARVcov_dry30,LARVcov_rain20,base,2
wu20181002_LSM_Fillinger2006_test1_1749.xml,LARVcov0,LARVcov_dry40,LARVcov_rain20,base,2
wu20181002_LSM_Fillinger2006_test1_1760.xml,LARVcov0,LARVcov_dry50,LARVcov_rain20,base,2
wu20181002_LSM_Fillinger2006_test1_1771.xml,LARVcov0,LARVcov_dry60,LARVcov_rain20,base,2
wu20181002_LSM_Fillinger2006_test1_1782.xml,LARVcov0,LARVcov_dry70,LARVcov_rain20,base,2
wu20181002_LSM_Fillinger2006_test1_1793.xml,LARVcov0,LARVcov_dry80,LARVcov_rain20,base,2
wu20181002_LSM_Fillinger2006_test1_1804.xml,LARVcov0,LARVcov_dry90,LARVcov_rain20,base,2
wu20181002_LSM_Fillinger2006_test1_1815.xml,LARVcov0,LARVcov_dry0,LARVcov_rain30,base,2
wu20181002_LSM_Fillinger2006_test1_1826.xml,LARVcov0,LARVcov_dry10,LARVcov_rain30,base,2
wu20181002_LSM_Fillinger2006_test1_1837.xml,LARVcov0,LARVcov_dry100,LARVcov_rain30,base,2
wu20181002_LSM_Fillinger2006_test1_1848.xml,LARVcov0,LARVcov_dry20,LARVcov_rain30,base,2
wu20181002_LSM_Fillinger2006_test1_1859.xml,LARVcov0,LARVcov_dry30,LARVcov_rain30,base,2
wu20181002_LSM_Fillinger2006_test1_1870.xml,LARVcov0,LARVcov_dry40,LARVcov_rain30,base,2
wu20181002_LSM_Fillinger2006_test1_1881.xml,LARVcov0,LARVcov_dry50,LARVcov_rain30,base,2
wu20181002_LSM_Fillinger2006_test1_1892.xml,LARVcov0,LARVcov_dry60,LARVcov_rain30,base,2
wu20181002_LSM_Fillinger2006_test1_1903.xml,LARVcov0,LARVcov_dry70,LARVcov_rain30,base,2
wu20181002_LSM_Fillinger2006_test1_1914.xml,LARVcov0,LARVcov_dry80,LARVcov_rain30,base,2
wu20181002_LSM_Fillinger2006_test1_1925.xml,LARVcov0,LARVcov_dry90,LARVcov_rain30,base,2
wu20181002_LSM_Fillinger2006_test1_1936.xml,LARVcov0,LARVcov_dry0,LARVcov_rain40,base,2
wu20181002_LSM_Fillinger2006_test1_1947.xml,LARVcov0,LARVcov_dry10,LARVcov_rain40,base,2
wu20181002_LSM_Fillinger2006_test1_1958.xml,LARVcov0,LARVcov_dry100,LARVcov_rain40,base,2
wu20181002_LSM_Fillinger2006_test1_1969.xml,LARVcov0,LARVcov_dry20,LARVcov_rain40,base,2
wu20181002_LSM_Fillinger2006_test1_1980.xml,LARVcov0,LARVcov_dry30,LARVcov_rain40,base,2
wu20181002_LSM_Fillinger2006_test1_1991.xml,LARVcov0,LARVcov_dry40,LARVcov_rain40,base,2
wu20181002_LSM_Fillinger2006_test1_2002.xml,LARVcov0,LARVcov_dry50,LARVcov_rain40,base,2
wu20181002_LSM_Fillinger2006_test1_2013.xml,LARVcov0,LARVcov_dry60,LARVcov_rain40,base,2
wu20181002_LSM_Fillinger2006_test1_2024.xml,LARVcov0,LARVcov_dry70,LARVcov_rain40,base,2
wu20181002_LSM_Fillinger2006_test1_2035.xml,LARVcov0,LARVcov_dry80,LARVcov_rain40,base,2
wu20181002_LSM_Fillinger2006_test1_2046.xml,LARVcov0,LARVcov_dry90,LARVcov_rain40,base,2
wu20181002_LSM_Fillinger2006_test1_2057.xml,LARVcov0,LARVcov_dry0,LARVcov_rain50,base,2
wu20181002_LSM_Fillinger2006_test1_2068.xml,LARVcov0,LARVcov_dry10,LARVcov_rain50,base,2
wu20181002_LSM_Fillinger2006_test1_2079.xml,LARVcov0,LARVcov_dry100,LARVcov_rain50,base,2
wu20181002_LSM_Fillinger2006_test1_2090.xml,LARVcov0,LARVcov_dry20,LARVcov_rain50,base,2
wu20181002_LSM_Fillinger2006_test1_2101.xml,LARVcov0,LARVcov_dry30,LARVcov_rain50,base,2
wu20181002_LSM_Fillinger2006_test1_2112.xml,LARVcov0,LARVcov_dry40,LARVcov_rain50,base,2
wu20181002_LSM_Fillinger2006_test1_2123.xml,LARVcov0,LARVcov_dry50,LARVcov_rain50,base,2
wu20181002_LSM_Fillinger2006_test1_2134.xml,LARVcov0,LARVcov_dry60,LARVcov_rain50,base,2
wu20181002_LSM_Fillinger2006_test1_2145.xml,LARVcov0,LARVcov_dry70,LARVcov_rain50,base,2
wu20181002_LSM_Fillinger2006_test1_2156.xml,LARVcov0,LARVcov_dry80,LARVcov_rain50,base,2
wu20181002_LSM_Fillinger2006_test1_2167.xml,LARVcov0,LARVcov_dry90,LARVcov_rain50,base,2
wu20181002_LSM_Fillinger2006_test1_2178.xml,LARVcov0,LARVcov_dry0,LARVcov_rain60,base,2
wu20181002_LSM_Fillinger2006_test1_2189.xml,LARVcov0,LARVcov_dry10,LARVcov_rain60,base,2
wu20181002_LSM_Fillinger2006_test1_2200.xml,LARVcov0,LARVcov_dry100,LARVcov_rain60,base,2
wu20181002_LSM_Fillinger2006_test1_2211.xml,LARVcov0,LARVcov_dry20,LARVcov_rain60,base,2
wu20181002_LSM_Fillinger2006_test1_2222.xml,LARVcov0,LARVcov_dry30,LARVcov_rain60,base,2
wu20181002_LSM_Fillinger2006_test1_2233.xml,LARVcov0,LARVcov_dry40,LARVcov_rain60,base,2
wu20181002_LSM_Fillinger2006_test1_2244.xml,LARVcov0,LARVcov_dry50,LARVcov_rain60,base,2
wu20181002_LSM_Fillinger2006_test1_2255.xml,LARVcov0,LARVcov_dry60,LARVcov_rain60,base,2
wu20181002_LSM_Fillinger2006_test1_2266.xml,LARVcov0,LARVcov_dry70,LARVcov_rain60,base,2
wu20181002_LSM_Fillinger2006_test1_2277.xml,LARVcov0,LARVcov_dry80,LARVcov_rain60,base,2
wu20181002_LSM_Fillinger2006_test1_2288.xml,LARVcov0,LARVcov_dry90,LARVcov_rain60,base,2
wu20181002_LSM_Fillinger2006_test1_2299.xml,LARVcov0,LARVcov_dry0,LARVcov_rain70,base,2
wu20181002_LSM_Fillinger2006_test1_2310.xml,LARVcov0,LARVcov_dry10,LARVcov_rain70,base,2
wu20181002_LSM_Fillinger2006_test1_2321.xml,LARVcov0,LARVcov_dry100,LARVcov_rain70,base,2
wu20181002_LSM_Fillinger2006_test1_2332.xml,LARVcov0,LARVcov_dry20,LARVcov_rain70,base,2
wu20181002_LSM_Fillinger2006_test1_2343.xml,LARVcov0,LARVcov_dry30,LARVcov_rain70,base,2
wu20181002_LSM_Fillinger2006_test1_2354.xml,LARVcov0,LARVcov_dry40,LARVcov_rain70,base,2
wu20181002_LSM_Fillinger2006_test1_2365.xml,LARVcov0,LARVcov_dry50,LARVcov_rain70,base,2
wu20181002_LSM_Fillinger2006_test1_2376.xml,LARVcov0,LARVcov_dry60,LARVcov_rain70,base,2
wu20181002_LSM_Fillinger2006_test1_2387.xml,LARVcov0,LARVcov_dry70,LARVcov_rain70,base,2
wu20181002_LSM_Fillinger2006_test1_2398.xml,LARVcov0,LARVcov_dry80,LARVcov_rain70,base,2
wu20181002_LSM_Fillinger2006_test1_2409.xml,LARVcov0,LARVcov_dry90,LARVcov_rain70,base,2
wu20181002_LSM_Fillinger2006_test1_2420.xml,LARVcov0,LARVcov_dry0,LARVcov_rain80,base,2
wu20181002_LSM_Fillinger2006_test1_2431.xml,LARVcov0,LARVcov_dry10,LARVcov_rain80,base,2
wu20181002_LSM_Fillinger2006_test1_2442.xml,LARVcov0,LARVcov_dry100,LARVcov_rain80,base,2
wu20181002_LSM_Fillinger2006_test1_2453.xml,LARVcov0,LARVcov_dry20,LARVcov_rain80,base,2
wu20181002_LSM_Fillinger2006_test1_2464.xml,LARVcov0,LARVcov_dry30,LARVcov_rain80,base,2
wu20181002_LSM_Fillinger2006_test1_2475.xml,LARVcov0,LARVcov_dry40,LARVcov_rain80,base,2
wu20181002_LSM_Fillinger2006_test1_2486.xml,LARVcov0,LARVcov_dry50,LARVcov_rain80,base,2
wu20181002_LSM_Fillinger2006_test1_2497.xml,LARVcov0,LARVcov_dry60,LARVcov_rain80,base,2
wu20181002_LSM_Fillinger2006_test1_2508.xml,LARVcov0,LARVcov_dry70,LARVcov_rain80,base,2
wu20181002_LSM_Fillinger2006_test1_2519.xml,LARVcov0,LARVcov_dry80,LARVcov_rain80,base,2
wu20181002_LSM_Fillinger2006_test1_2530.xml,LARVcov0,LARVcov_dry90,LARVcov_rain80,base,2
wu20181002_LSM_Fillinger2006_test1_2541.xml,LARVcov0,LARVcov_dry0,LARVcov_rain90,base,2
wu20181002_LSM_Fillinger2006_test1_2552.xml,LARVcov0,LARVcov_dry10,LARVcov_rain90,base,2
wu20181002_LSM_Fillinger2006_test1_2563.xml,LARVcov0,LARVcov_dry100,LARVcov_rain90,base,2
wu20181002_LSM_Fillinger2006_test1_2574.xml,LARVcov0,LARVcov_dry20,LARVcov_rain90,base,2
wu20181002_LSM_Fillinger2006_test1_2585.xml,LARVcov0,LARVcov_dry30,LARVcov_rain90,base,2
wu20181002_LSM_Fillinger2006_test1_2596.xml,LARVcov0,LARVcov_dry40,LARVcov_rain90,base,2
wu20181002_LSM_Fillinger2006_test1_2607.xml,LARVcov0,LARVcov_dry50,LARVcov_rain90,base,2
wu20181002_LSM_Fillinger2006_test1_2618.xml,LARVcov0,LARVcov_dry60,LARVcov_rain90,base,2
wu20181002_LSM_Fillinger2006_test1_2629.xml,LARVcov0,LARVcov_dry70,LARVcov_rain90,base,2
wu20181002_LSM_Fillinger2006_test1_2640.xml,LARVcov0,LARVcov_dry80,LARVcov_rain90,base,2
wu20181002_LSM_Fillinger2006_test1_2651.xml,LARVcov0,LARVcov_dry90,LARVcov_rain90,base,2
wu20181002_LSM_Fillinger2006_test1_2662.xml,LARVcov0,LARVcov_dry0,LARVcov_rain0,base,3
wu20181002_LSM_Fillinger2006_test1_2663.xml,LARVcov10,LARVcov_dry0,LARVcov_rain0,base,3
wu20181002_LSM_Fillinger2006_test1_2664.xml,LARVcov100,LARVcov_dry0,LARVcov_rain0,base,3
wu20181002_LSM_Fillinger2006_test1_2665.xml,LARVcov20,LARVcov_dry0,LARVcov_rain0,base,3
wu20181002_LSM_Fillinger2006_test1_2666.xml,LARVcov30,LARVcov_dry0,LARVcov_rain0,base,3
wu20181002_LSM_Fillinger2006_test1_2667.xml,LARVcov40,LARVcov_dry0,LARVcov_rain0,base,3
wu20181002_LSM_Fillinger2006_test1_2668.xml,LARVcov50,LARVcov_dry0,LARVcov_rain0,base,3
wu20181002_LSM_Fillinger2006_test1_2669.xml,LARVcov60,LARVcov_dry0,LARVcov_rain0,base,3
wu20181002_LSM_Fillinger2006_test1_2670.xml,LARVcov70,LARVcov_dry0,LARVcov_rain0,base,3
wu20181002_LSM_Fillinger2006_test1_2671.xml,LARVcov80,LARVcov_dry0,LARVcov_rain0,base,3
wu20181002_LSM_Fillinger2006_test1_2672.xml,LARVcov90,LARVcov_dry0,LARVcov_rain0,base,3
wu20181002_LSM_Fillinger2006_test1_2673.xml,LARVcov0,LARVcov_dry10,LARVcov_rain0,base,3
wu20181002_LSM_Fillinger2006_test1_2684.xml,LARVcov0,LARVcov_dry100,LARVcov_rain0,base,3
wu20181002_LSM_Fillinger2006_test1_2695.xml,LARVcov0,LARVcov_dry20,LARVcov_rain0,base,3
wu20181002_LSM_Fillinger2006_test1_2706.xml,LARVcov0,LARVcov_dry30,LARVcov_rain0,base,3
wu20181002_LSM_Fillinger2006_test1_2717.xml,LARVcov0,LARVcov_dry40,LARVcov_rain0,base,3
wu20181002_LSM_Fillinger2006_test1_2728.xml,LARVcov0,LARVcov_dry50,LARVcov_rain0,base,3
wu20181002_LSM_Fillinger2006_test1_2739.xml,LARVcov0,LARVcov_dry60,LARVcov_rain0,base,3
wu20181002_LSM_Fillinger2006_test1_2750.xml,LARVcov0,LARVcov_dry70,LARVcov_rain0,base,3
wu20181002_LSM_Fillinger2006_test1_2761.xml,LARVcov0,LARVcov_dry80,LARVcov_rain0,base,3
wu20181002_LSM_Fillinger2006_test1_2772.xml,LARVcov0,LARVcov_dry90,LARVcov_rain0,base,3
wu20181002_LSM_Fillinger2006_test1_2783.xml,LARVcov0,LARVcov_dry0,LARVcov_rain10,base,3
wu20181002_LSM_Fillinger2006_test1_2794.xml,LARVcov0,LARVcov_dry10,LARVcov_rain10,base,3
wu20181002_LSM_Fillinger2006_test1_2805.xml,LARVcov0,LARVcov_dry100,LARVcov_rain10,base,3
wu20181002_LSM_Fillinger2006_test1_2816.xml,LARVcov0,LARVcov_dry20,LARVcov_rain10,base,3
wu20181002_LSM_Fillinger2006_test1_2827.xml,LARVcov0,LARVcov_dry30,LARVcov_rain10,base,3
wu20181002_LSM_Fillinger2006_test1_2838.xml,LARVcov0,LARVcov_dry40,LARVcov_rain10,base,3
wu20181002_LSM_Fillinger2006_test1_2849.xml,LARVcov0,LARVcov_dry50,LARVcov_rain10,base,3
wu20181002_LSM_Fillinger2006_test1_2860.xml,LARVcov0,LARVcov_dry60,LARVcov_rain10,base,3
wu20181002_LSM_Fillinger2006_test1_2871.xml,LARVcov0,LARVcov_dry70,LARVcov_rain10,base,3
wu20181002_LSM_Fillinger2006_test1_2882.xml,LARVcov0,LARVcov_dry80,LARVcov_rain10,base,3
wu20181002_LSM_Fillinger2006_test1_2893.xml,LARVcov0,LARVcov_dry90,LARVcov_rain10,base,3
wu20181002_LSM_Fillinger2006_test1_2904.xml,LARVcov0,LARVcov_dry0,LARVcov_rain100,base,3
wu20181002_LSM_Fillinger2006_test1_2915.xml,LARVcov0,LARVcov_dry10,LARVcov_rain100,base,3
wu20181002_LSM_Fillinger2006_test1_2926.xml,LARVcov0,LARVcov_dry100,LARVcov_rain100,base,3
wu20181002_LSM_Fillinger2006_test1_2937.xml,LARVcov0,LARVcov_dry20,LARVcov_rain100,base,3
wu20181002_LSM_Fillinger2006_test1_2948.xml,LARVcov0,LARVcov_dry30,LARVcov_rain100,base,3
wu20181002_LSM_Fillinger2006_test1_2959.xml,LARVcov0,LARVcov_dry40,LARVcov_rain100,base,3
wu20181002_LSM_Fillinger2006_test1_2970.xml,LARVcov0,LARVcov_dry50,LARVcov_rain100,base,3
wu20181002_LSM_Fillinger2006_test1_2981.xml,LARVcov0,LARVcov_dry60,LARVcov_rain100,base,3
wu20181002_LSM_Fillinger2006_test1_2992.xml,LARVcov0,LARVcov_dry70,LARVcov_rain100,base,3
wu20181002_LSM_Fillinger2006_test1_3003.xml,LARVcov0,LARVcov_dry80,LARVcov_rain100,base,3
wu20181002_LSM_Fillinger2006_test1_3014.xml,LARVcov0,LARVcov_dry90,LARVcov_rain100,base,3
wu20181002_LSM_Fillinger2006_test1_3025.xml,LARVcov0,LARVcov_dry0,LARVcov_rain20,base,3
wu20181002_LSM_Fillinger2006_test1_3036.xml,LARVcov0,LARVcov_dry10,LARVcov_rain20,base,3
wu20181002_LSM_Fillinger2006_test1_3047.xml,LARVcov0,LARVcov_dry100,LARVcov_rain20,base,3
wu20181002_LSM_Fillinger2006_test1_3058.xml,LARVcov0,LARVcov_dry20,LARVcov_rain20,base,3
wu20181002_LSM_Fillinger2006_test1_3069.xml,LARVcov0,LARVcov_dry30,LARVcov_rain20,base,3
wu20181002_LSM_Fillinger2006_test1_3080.xml,LARVcov0,LARVcov_dry40,LARVcov_rain20,base,3
wu20181002_LSM_Fillinger2006_test1_3091.xml,LARVcov0,LARVcov_dry50,LARVcov_rain20,base,3
wu20181002_LSM_Fillinger2006_test1_3102.xml,LARVcov0,LARVcov_dry60,LARVcov_rain20,base,3
wu20181002_LSM_Fillinger2006_test1_3113.xml,LARVcov0,LARVcov_dry70,LARVcov_rain20,base,3
wu20181002_LSM_Fillinger2006_test1_3124.xml,LARVcov0,LARVcov_dry80,LARVcov_rain20,base,3
wu20181002_LSM_Fillinger2006_test1_3135.xml,LARVcov0,LARVcov_dry90,LARVcov_rain20,base,3
wu20181002_LSM_Fillinger2006_test1_3146.xml,LARVcov0,LARVcov_dry0,LARVcov_rain30,base,3
wu20181002_LSM_Fillinger2006_test1_3157.xml,LARVcov0,LARVcov_dry10,LARVcov_rain30,base,3
wu20181002_LSM_Fillinger2006_test1_3168.xml,LARVcov0,LARVcov_dry100,LARVcov_rain30,base,3
wu20181002_LSM_Fillinger2006_test1_3179.xml,LARVcov0,LARVcov_dry20,LARVcov_rain30,base,3
wu20181002_LSM_Fillinger2006_test1_3190.xml,LARVcov0,LARVcov_dry30,LARVcov_rain30,base,3
wu20181002_LSM_Fillinger2006_test1_3201.xml,LARVcov0,LARVcov_dry40,LARVcov_rain30,base,3
wu20181002_LSM_Fillinger2006_test1_3212.xml,LARVcov0,LARVcov_dry50,LARVcov_rain30,base,3
wu20181002_LSM_Fillinger2006_test1_3223.xml,LARVcov0,LARVcov_dry60,LARVcov_rain30,base,3
wu20181002_LSM_Fillinger2006_test1_3234.xml,LARVcov0,LARVcov_dry70,LARVcov_rain30,base,3
wu20181002_LSM_Fillinger2006_test1_3245.xml,LARVcov0,LARVcov_dry80,LARVcov_rain30,base,3
wu20181002_LSM_Fillinger2006_test1_3256.xml,LARVcov0,LARVcov_dry90,LARVcov_rain30,base,3
wu20181002_LSM_Fillinger2006_test1_3267.xml,LARVcov0,LARVcov_dry0,LARVcov_rain40,base,3
wu20181002_LSM_Fillinger2006_test1_3278.xml,LARVcov0,LARVcov_dry10,LARVcov_rain40,base,3
wu20181002_LSM_Fillinger2006_test1_3289.xml,LARVcov0,LARVcov_dry100,LARVcov_rain40,base,3
wu20181002_LSM_Fillinger2006_test1_3300.xml,LARVcov0,LARVcov_dry20,LARVcov_rain40,base,3
wu20181002_LSM_Fillinger2006_test1_3311.xml,LARVcov0,LARVcov_dry30,LARVcov_rain40,base,3
wu20181002_LSM_Fillinger2006_test1_3322.xml,LARVcov0,LARVcov_dry40,LARVcov_rain40,base,3
wu20181002_LSM_Fillinger2006_test1_3333.xml,LARVcov0,LARVcov_dry50,LARVcov_rain40,base,3
wu20181002_LSM_Fillinger2006_test1_3344.xml,LARVcov0,LARVcov_dry60,LARVcov_rain40,base,3
wu20181002_LSM_Fillinger2006_test1_3355.xml,LARVcov0,LARVcov_dry70,LARVcov_rain40,base,3
wu20181002_LSM_Fillinger2006_test1_3366.xml,LARVcov0,LARVcov_dry80,LARVcov_rain40,base,3
wu20181002_LSM_Fillinger2006_test1_3377.xml,LARVcov0,LARVcov_dry90,LARVcov_rain40,base,3
wu20181002_LSM_Fillinger2006_test1_3388.xml,LARVcov0,LARVcov_dry0,LARVcov_rain50,base,3
wu20181002_LSM_Fillinger2006_test1_3399.xml,LARVcov0,LARVcov_dry10,LARVcov_rain50,base,3
wu20181002_LSM_Fillinger2006_test1_3410.xml,LARVcov0,LARVcov_dry100,LARVcov_rain50,base,3
wu20181002_LSM_Fillinger2006_test1_3421.xml,LARVcov0,LARVcov_dry20,LARVcov_rain50,base,3
wu20181002_LSM_Fillinger2006_test1_3432.xml,LARVcov0,LARVcov_dry30,LARVcov_rain50,base,3
wu20181002_LSM_Fillinger2006_test1_3443.xml,LARVcov0,LARVcov_dry40,LARVcov_rain50,base,3
wu20181002_LSM_Fillinger2006_test1_3454.xml,LARVcov0,LARVcov_dry50,LARVcov_rain50,base,3
wu20181002_LSM_Fillinger2006_test1_3465.xml,LARVcov0,LARVcov_dry60,LARVcov_rain50,base,3
wu20181002_LSM_Fillinger2006_test1_3476.xml,LARVcov0,LARVcov_dry70,LARVcov_rain50,base,3
wu20181002_LSM_Fillinger2006_test1_3487.xml,LARVcov0,LARVcov_dry80,LARVcov_rain50,base,3
wu20181002_LSM_Fillinger2006_test1_3498.xml,LARVcov0,LARVcov_dry90,LARVcov_rain50,base,3
wu20181002_LSM_Fillinger2006_test1_3509.xml,LARVcov0,LARVcov_dry0,LARVcov_rain60,base,3
wu20181002_LSM_Fillinger2006_test1_3520.xml,LARVcov0,LARVcov_dry10,LARVcov_rain60,base,3
wu20181002_LSM_Fillinger2006_test1_3531.xml,LARVcov0,LARVcov_dry100,LARVcov_rain60,base,3
wu20181002_LSM_Fillinger2006_test1_3542.xml,LARVcov0,LARVcov_dry20,LARVcov_rain60,base,3
wu20181002_LSM_Fillinger2006_test1_3553.xml,LARVcov0,LARVcov_dry30,LARVcov_rain60,base,3
wu20181002_LSM_Fillinger2006_test1_3564.xml,LARVcov0,LARVcov_dry40,LARVcov_rain60,base,3
wu20181002_LSM_Fillinger2006_test1_3575.xml,LARVcov0,LARVcov_dry50,LARVcov_rain60,base,3
wu20181002_LSM_Fillinger2006_test1_3586.xml,LARVcov0,LARVcov_dry60,LARVcov_rain60,base,3
wu20181002_LSM_Fillinger2006_test1_3597.xml,LARVcov0,LARVcov_dry70,LARVcov_rain60,base,3
wu20181002_LSM_Fillinger2006_test1_3608.xml,LARVcov0,LARVcov_dry80,LARVcov_rain60,base,3
wu20181002_LSM_Fillinger2006_test1_3619.xml,LARVcov0,LARVcov_dry90,LARVcov_rain60,base,3
wu20181002_LSM_Fillinger2006_test1_3630.xml,LARVcov0,LARVcov_dry0,LARVcov_rain70,base,3
wu20181002_LSM_Fillinger2006_test1_3641.xml,LARVcov0,LARVcov_dry10,LARVcov_rain70,base,3
wu20181002_LSM_Fillinger2006_test1_3652.xml,LARVcov0,LARVcov_dry100,LARVcov_rain70,base,3
wu20181002_LSM_Fillinger2006_test1_3663.xml,LARVcov0,LARVcov_dry20,LARVcov_rain70,base,3
wu20181002_LSM_Fillinger2006_test1_3674.xml,LARVcov0,LARVcov_dry30,LARVcov_rain70,base,3
wu20181002_LSM_Fillinger2006_test1_3685.xml,LARVcov0,LARVcov_dry40,LARVcov_rain70,base,3
wu20181002_LSM_Fillinger2006_test1_3696.xml,LARVcov0,LARVcov_dry50,LARVcov_rain70,base,3
wu20181002_LSM_Fillinger2006_test1_3707.xml,LARVcov0,LARVcov_dry60,LARVcov_rain70,base,3
wu20181002_LSM_Fillinger2006_test1_3718.xml,LARVcov0,LARVcov_dry70,LARVcov_rain70,base,3
wu20181002_LSM_Fillinger2006_test1_3729.xml,LARVcov0,LARVcov_dry80,LARVcov_rain70,base,3
wu20181002_LSM_Fillinger2006_test1_3740.xml,LARVcov0,LARVcov_dry90,LARVcov_rain70,base,3
wu20181002_LSM_Fillinger2006_test1_3751.xml,LARVcov0,LARVcov_dry0,LARVcov_rain80,base,3
wu20181002_LSM_Fillinger2006_test1_3762.xml,LARVcov0,LARVcov_dry10,LARVcov_rain80,base,3
wu20181002_LSM_Fillinger2006_test1_3773.xml,LARVcov0,LARVcov_dry100,LARVcov_rain80,base,3
wu20181002_LSM_Fillinger2006_test1_3784.xml,LARVcov0,LARVcov_dry20,LARVcov_rain80,base,3
wu20181002_LSM_Fillinger2006_test1_3795.xml,LARVcov0,LARVcov_dry30,LARVcov_rain80,base,3
wu20181002_LSM_Fillinger2006_test1_3806.xml,LARVcov0,LARVcov_dry40,LARVcov_rain80,base,3
wu20181002_LSM_Fillinger2006_test1_3817.xml,LARVcov0,LARVcov_dry50,LARVcov_rain80,base,3
wu20181002_LSM_Fillinger2006_test1_3828.xml,LARVcov0,LARVcov_dry60,LARVcov_rain80,base,3
wu20181002_LSM_Fillinger2006_test1_3839.xml,LARVcov0,LARVcov_dry70,LARVcov_rain80,base,3
wu20181002_LSM_Fillinger2006_test1_3850.xml,LARVcov0,LARVcov_dry80,LARVcov_rain80,base,3
wu20181002_LSM_Fillinger2006_test1_3861.xml,LARVcov0,LARVcov_dry90,LARVcov_rain80,base,3
wu20181002_LSM_Fillinger2006_test1_3872.xml,LARVcov0,LARVcov_dry0,LARVcov_rain90,base,3
wu20181002_LSM_Fillinger2006_test1_3883.xml,LARVcov0,LARVcov_dry10,LARVcov_rain90,base,3
wu20181002_LSM_Fillinger2006_test1_3894.xml,LARVcov0,LARVcov_dry100,LARVcov_rain90,base,3
wu20181002_LSM_Fillinger2006_test1_3905.xml,LARVcov0,LARVcov_dry20,LARVcov_rain90,base,3
wu20181002_LSM_Fillinger2006_test1_3916.xml,LARVcov0,LARVcov_dry30,LARVcov_rain90,base,3
wu20181002_LSM_Fillinger2006_test1_3927.xml,LARVcov0,LARVcov_dry40,LARVcov_rain90,base,3
wu20181002_LSM_Fillinger2006_test1_3938.xml,LARVcov0,LARVcov_dry50,LARVcov_rain90,base,3
wu20181002_LSM_Fillinger2006_test1_3949.xml,LARVcov0,LARVcov_dry60,LARVcov_rain90,base,3
wu20181002_LSM_Fillinger2006_test1_3960.xml,LARVcov0,LARVcov_dry70,LARVcov_rain90,base,3
wu20181002_LSM_Fillinger2006_test1_3971.xml,LARVcov0,LARVcov_dry80,LARVcov_rain90,base,3
wu20181002_LSM_Fillinger2006_test1_3982.xml,LARVcov0,LARVcov_dry90,LARVcov_rain90,base,3
